{"count":1,"self":289.84826879999997,"total":580.7785858,"children":{"AgentSendState":{"count":654069,"self":5.7038687999999995,"total":9.357227,"children":{"CollectObservations":{"count":65407,"self":1.3265453999999999,"total":1.3265453999999999,"children":null},"CollectDiscreteActionMasks":{"count":65407,"self":0.22189219999999998,"total":0.22189219999999998,"children":null},"AgentInfo.ToProto":{"count":65407,"self":0.87006259999999991,"total":2.1049206,"children":{"GenerateSensorData":{"count":65407,"self":1.234858,"total":1.234858,"children":null}}}}},"DecideAction":{"count":654069,"self":276.93757439999996,"total":276.9375727,"children":null},"AgentAct":{"count":654069,"self":4.6315428,"total":4.6315428999999995,"children":null},"AgentInfo.ToProto":{"count":25,"self":0.00099629999999999988,"total":0.0029903,"children":{"GenerateSensorData":{"count":25,"self":0.001994,"total":0.001994,"children":null}}}},"gauges":{"PlayerBehaviour.CumulativeReward":{"count":25,"max":316.819458,"min":-20.2396317,"runningAverage":65.00214,"value":59.4208641,"weightedAverage":71.14187}},"metadata":{"timer_format_version":"0.1.0","start_time_seconds":"1603020540","unity_version":"2019.4.5f1","command_line_arguments":"D:\\UNITY\\Unity\\2019.4.5f1\\Editor\\Unity.exe -projectpath D:\/RMIT Sem 4\/AI and GAME\/New Git Project\/GamesAIAssignment2 -useHub -hubIPC -cloudEnvironment production -hubSessionId ff796ee0-0e46-11eb-b70d-230893037737","communication_protocol_version":"1.0.0","com.unity.ml-agents_version":"1.0.3","scene_name":"Main","end_time_seconds":"1603021121"}}