{"count":1,"self":324.6085888,"total":649.7466148,"children":{"AgentSendState":{"count":711548,"self":6.2740307999999994,"total":10.3446725,"children":{"CollectObservations":{"count":71155,"self":1.4955386,"total":1.4955386,"children":null},"CollectDiscreteActionMasks":{"count":71155,"self":0.2626138,"total":0.2626138,"children":null},"AgentInfo.ToProto":{"count":71155,"self":0.97109059999999991,"total":2.3124892999999997,"children":{"GenerateSensorData":{"count":71155,"self":1.3413986999999998,"total":1.3413986999999998,"children":null}}}}},"DecideAction":{"count":711548,"self":309.6235776,"total":309.6235665,"children":null},"AgentAct":{"count":711548,"self":5.1677772,"total":5.1677773,"children":null},"AgentInfo.ToProto":{"count":27,"self":2.7799999999999998E-05,"total":0.0010234999999999999,"children":{"GenerateSensorData":{"count":27,"self":0.0009957,"total":0.0009957,"children":null}}}},"gauges":{"PlayerBehaviour.CumulativeReward":{"count":27,"max":182.166977,"min":-12.82006,"runningAverage":26.5713825,"value":-11.76003,"weightedAverage":6.299445}},"metadata":{"timer_format_version":"0.1.0","start_time_seconds":"1603019865","unity_version":"2019.4.5f1","command_line_arguments":"D:\\UNITY\\Unity\\2019.4.5f1\\Editor\\Unity.exe -projectpath D:\/RMIT Sem 4\/AI and GAME\/New Git Project\/GamesAIAssignment2 -useHub -hubIPC -cloudEnvironment production -hubSessionId ff796ee0-0e46-11eb-b70d-230893037737","communication_protocol_version":"1.0.0","com.unity.ml-agents_version":"1.0.3","scene_name":"Main","end_time_seconds":"1603020515"}}