{
    "name": "root",
    "gauges": {
        "PlayerBehaviour.Policy.Entropy.mean": {
            "value": 0.8533597588539124,
            "min": 0.8533597588539124,
            "max": 1.3495007753372192,
            "count": 6
        },
        "PlayerBehaviour.Policy.ExtrinsicValueEstimate.mean": {
            "value": 0.02602136880159378,
            "min": -0.025365425273776054,
            "max": 0.5926949977874756,
            "count": 6
        },
        "PlayerBehaviour.Losses.ValueLoss.mean": {
            "value": 0.27742666006088257,
            "min": 0.19819903373718262,
            "max": 0.8018774390220642,
            "count": 6
        },
        "PlayerBehaviour.Losses.PolicyLoss.mean": {
            "value": 0.13169074058532715,
            "min": 0.10863839089870453,
            "max": 0.13169074058532715,
            "count": 6
        },
        "PlayerBehaviour.Policy.LearningRate.mean": {
            "value": 0.00029998342506587505,
            "min": 0.00029998342506587505,
            "max": 0.00029999850085005164,
            "count": 6
        },
        "PlayerBehaviour.Policy.Epsilon.mean": {
            "value": 0.19999447464942932,
            "min": 0.19999447464942932,
            "max": 0.19999949634075165,
            "count": 6
        },
        "PlayerBehaviour.Policy.Beta.mean": {
            "value": 0.00049997289897874,
            "min": 0.00049997289897874,
            "max": 0.0004999975208193064,
            "count": 6
        },
        "PlayerBehaviour.Environment.EpisodeLength.mean": {
            "value": 1646.6666666666667,
            "min": 1646.6666666666667,
            "max": 3339.0,
            "count": 6
        },
        "PlayerBehaviour.Environment.CumulativeReward.mean": {
            "value": 79.87755015026778,
            "min": 14.499701933190227,
            "max": 201.50055778088668,
            "count": 6
        },
        "PlayerBehaviour.Policy.ExtrinsicReward.mean": {
            "value": 79.87755015026778,
            "min": 14.499701933190227,
            "max": 201.50055778088668,
            "count": 6
        },
        "PlayerBehaviour.IsTraining.mean": {
            "value": 1.0,
            "min": 1.0,
            "max": 1.0,
            "count": 6
        }
    },
    "metadata": {
        "timer_format_version": "0.1.0",
        "start_time_seconds": "1603020536",
        "python_version": "3.8.6 (tags/v3.8.6:db45529, Sep 23 2020, 15:52:53) [MSC v.1927 64 bit (AMD64)]",
        "command_line_arguments": "D:\\RMIT Sem 4\\AI and GAME\\Assignment 2\\VirtualEnv\\UnityMLagentsEnv\\scripts\\mlagents-learn config/roguelike.yaml --run-id=playerBehaviour",
        "mlagents_version": "0.19.0",
        "mlagents_envs_version": "0.19.0",
        "communication_protocol_version": "1.0.0",
        "tensorflow_version": "2.3.0",
        "numpy_version": "1.19.2",
        "end_time_seconds": "1603021122"
    },
    "total": 586.2324040999999,
    "count": 1,
    "self": 0.009500599999910264,
    "children": {
        "run_training.setup": {
            "total": 0.014715400000000045,
            "count": 1,
            "self": 0.014715400000000045
        },
        "TrainerController.start_learning": {
            "total": 586.2081881,
            "count": 1,
            "self": 1.5729930000065906,
            "children": {
                "TrainerController._reset_env": {
                    "total": 5.4158471,
                    "count": 1,
                    "self": 5.4158471
                },
                "TrainerController.advance": {
                    "total": 577.5757306999934,
                    "count": 65431,
                    "self": 0.6673444999913727,
                    "children": {
                        "env_step": {
                            "total": 576.908386200002,
                            "count": 65431,
                            "self": 531.0118243000011,
                            "children": {
                                "SubprocessEnvManager._take_step": {
                                    "total": 45.15215240000275,
                                    "count": 65431,
                                    "self": 1.3445533999979062,
                                    "children": {
                                        "TFPolicy.evaluate": {
                                            "total": 43.80759900000484,
                                            "count": 65406,
                                            "self": 43.80759900000484
                                        }
                                    }
                                },
                                "workers": {
                                    "total": 0.744409499998266,
                                    "count": 65430,
                                    "self": 0.0,
                                    "children": {
                                        "worker_root": {
                                            "total": 578.8304176000144,
                                            "count": 65430,
                                            "is_parallel": true,
                                            "self": 118.80359340001684,
                                            "children": {
                                                "steps_from_proto": {
                                                    "total": 0.00030529999999995283,
                                                    "count": 1,
                                                    "is_parallel": true,
                                                    "self": 0.0001812000000001035,
                                                    "children": {
                                                        "_process_vector_observation": {
                                                            "total": 0.00012409999999984933,
                                                            "count": 2,
                                                            "is_parallel": true,
                                                            "self": 0.00012409999999984933
                                                        }
                                                    }
                                                },
                                                "UnityEnvironment.step": {
                                                    "total": 460.02651889999754,
                                                    "count": 65430,
                                                    "is_parallel": true,
                                                    "self": 3.738482500007649,
                                                    "children": {
                                                        "UnityEnvironment._generate_step_input": {
                                                            "total": 6.831094099990645,
                                                            "count": 65430,
                                                            "is_parallel": true,
                                                            "self": 6.831094099990645
                                                        },
                                                        "communicator.exchange": {
                                                            "total": 435.31576110000304,
                                                            "count": 65430,
                                                            "is_parallel": true,
                                                            "self": 435.31576110000304
                                                        },
                                                        "steps_from_proto": {
                                                            "total": 14.141181199996213,
                                                            "count": 65430,